{"cameraMode":{"drawMode":0,"name":"Shaded","section":"Shading Mode"},"sceneLighting":true,"audioPlay":false,"sceneViewState":{"showFog":true,"showMaterialUpdate":false,"showSkybox":true,"showFlares":true,"showImageEffects":true,"showParticleSystems":true},"in2DMode":false,"pivot":{"x":206.53733825683595,"y":35.28476333618164,"z":126.09718322753906},"rotation":{"x":0.0016589660663157702,"y":0.4008994698524475,"z":-0.0007240677368827164,"w":0.9161292314529419},"size":110.95537567138672,"orthographic":false}