{"cameraMode":{"drawMode":0,"name":"Shaded","section":"Shading Mode"},"sceneLighting":false,"audioPlay":false,"sceneViewState":{"showFog":true,"showMaterialUpdate":false,"showSkybox":false,"showFlares":true,"showImageEffects":true,"showParticleSystems":true},"in2DMode":false,"pivot":{"x":270.0071716308594,"y":3.452932357788086,"z":185.47073364257813},"rotation":{"x":0.0004720883152913302,"y":-0.9951620101928711,"z":0.09824034571647644,"w":0.004772366024553776},"size":5.020522117614746,"orthographic":false}