{"cameraMode":{"drawMode":0,"name":"Shaded","section":"Shading Mode"},"sceneLighting":false,"audioPlay":false,"sceneViewState":{"showFog":true,"showMaterialUpdate":false,"showSkybox":false,"showFlares":true,"showImageEffects":true,"showParticleSystems":true},"in2DMode":false,"pivot":{"x":71.54715728759766,"y":3.8702571392059328,"z":24.61920166015625},"rotation":{"x":-0.03037828952074051,"y":-0.34702807664871218,"z":0.011246252804994583,"w":-0.937300980091095},"size":4.86776065826416,"orthographic":false}