{"cameraMode":{"drawMode":0,"name":"Shaded","section":"Shading Mode"},"sceneLighting":false,"audioPlay":false,"sceneViewState":{"showFog":true,"showMaterialUpdate":false,"showSkybox":false,"showFlares":true,"showImageEffects":true,"showParticleSystems":true},"in2DMode":false,"pivot":{"x":85.39325714111328,"y":0.7824999094009399,"z":16.284074783325197},"rotation":{"x":-0.1397377848625183,"y":0.615046501159668,"z":-0.11191905289888382,"w":-0.7679162621498108},"size":1.842170238494873,"orthographic":false}