{"cameraMode":{"drawMode":0,"name":"Shaded","section":"Shading Mode"},"sceneLighting":false,"audioPlay":false,"sceneViewState":{"showFog":true,"showMaterialUpdate":false,"showSkybox":false,"showFlares":true,"showImageEffects":true,"showParticleSystems":true},"in2DMode":false,"pivot":{"x":75.82723236083985,"y":0.7812502980232239,"z":14.151439666748047},"rotation":{"x":-0.171672061085701,"y":-0.16086627542972566,"z":0.028425902128219606,"w":-0.9715223908424377},"size":1.7469279766082764,"orthographic":false}