{"cameraMode":{"drawMode":0,"name":"Shaded","section":"Shading Mode"},"sceneLighting":false,"audioPlay":false,"sceneViewState":{"showFog":true,"showMaterialUpdate":false,"showSkybox":false,"showFlares":true,"showImageEffects":true,"showParticleSystems":true},"in2DMode":false,"pivot":{"x":145.52957153320313,"y":5.588010787963867,"z":6.481104850769043},"rotation":{"x":-0.07574345916509628,"y":0.04638702794909477,"z":-0.0035277928691357376,"w":-0.9960429072380066},"size":4.867761135101318,"orthographic":false}