{"cameraMode":{"drawMode":0,"name":"Shaded","section":"Shading Mode"},"sceneLighting":false,"audioPlay":false,"sceneViewState":{"showFog":true,"showMaterialUpdate":false,"showSkybox":false,"showFlares":true,"showImageEffects":true,"showParticleSystems":true},"in2DMode":false,"pivot":{"x":86.551513671875,"y":0.6643139123916626,"z":14.657308578491211},"rotation":{"x":-0.2326187789440155,"y":0.19993123412132264,"z":-0.048921648412942889,"w":-0.9505600333213806},"size":4.556328773498535,"orthographic":false}