{"cameraMode":{"drawMode":0,"name":"Shaded","section":"Shading Mode"},"sceneLighting":false,"audioPlay":false,"sceneViewState":{"showFog":true,"showMaterialUpdate":false,"showSkybox":false,"showFlares":true,"showImageEffects":true,"showParticleSystems":true},"in2DMode":false,"pivot":{"x":-6.062898635864258,"y":2.843749523162842,"z":-0.03125035762786865},"rotation":{"x":-0.03037828952074051,"y":-0.34702807664871218,"z":0.011246252804994583,"w":-0.937300980091095},"size":3.1873464584350588,"orthographic":false}