{"cameraMode":{"drawMode":0,"name":"Shaded","section":"Shading Mode"},"sceneLighting":false,"audioPlay":false,"sceneViewState":{"showFog":true,"showMaterialUpdate":false,"showSkybox":false,"showFlares":true,"showImageEffects":true,"showParticleSystems":true},"in2DMode":false,"pivot":{"x":59.59854507446289,"y":4.95229434967041,"z":26.821197509765626},"rotation":{"x":-0.1305532157421112,"y":-0.08376412838697434,"z":0.01107029803097248,"w":-0.9878407120704651},"size":3.283663272857666,"orthographic":false}